{
  "GetProductionPerHourContainerData" : {
    "transaction" : "GetProductionPerHourContainerData",
    "sampleCount" : 225,
    "errorCount" : 2,
    "errorPct" : 0.8888889,
    "meanResTime" : 37702.55555555556,
    "medianResTime" : 5575.0,
    "minResTime" : 482.0,
    "maxResTime" : 143040.0,
    "pct1ResTime" : 137307.80000000002,
    "pct2ResTime" : 141068.5,
    "pct3ResTime" : 142713.76,
    "throughput" : 0.7840185655596325,
    "receivedKBytesPerSec" : 7.308798697353153,
    "sentKBytesPerSec" : 1.1982314991218992
  },
  "Get authorization code" : {
    "transaction" : "Get authorization code",
    "sampleCount" : 1,
    "errorCount" : 0,
    "errorPct" : 0.0,
    "meanResTime" : 5978.0,
    "medianResTime" : 5978.0,
    "minResTime" : 5978.0,
    "maxResTime" : 5978.0,
    "pct1ResTime" : 5978.0,
    "pct2ResTime" : 5978.0,
    "pct3ResTime" : 5978.0,
    "throughput" : 0.16728002676480427,
    "receivedKBytesPerSec" : 0.4211405361324858,
    "sentKBytesPerSec" : 0.0
  },
  "GetQuantityProducedContainerData" : {
    "transaction" : "GetQuantityProducedContainerData",
    "sampleCount" : 199,
    "errorCount" : 0,
    "errorPct" : 0.0,
    "meanResTime" : 22085.361809045222,
    "medianResTime" : 2300.0,
    "minResTime" : 410.0,
    "maxResTime" : 144755.0,
    "pct1ResTime" : 131485.0,
    "pct2ResTime" : 141945.0,
    "pct3ResTime" : 144718.0,
    "throughput" : 0.6958990911348052,
    "receivedKBytesPerSec" : 0.6116300605676998,
    "sentKBytesPerSec" : 1.0615179495630522
  },
  "Generate access token" : {
    "transaction" : "Generate access token",
    "sampleCount" : 1,
    "errorCount" : 0,
    "errorPct" : 0.0,
    "meanResTime" : 861.0,
    "medianResTime" : 861.0,
    "minResTime" : 861.0,
    "maxResTime" : 861.0,
    "pct1ResTime" : 861.0,
    "pct2ResTime" : 861.0,
    "pct3ResTime" : 861.0,
    "throughput" : 1.1614401858304297,
    "receivedKBytesPerSec" : 2.767494192799071,
    "sentKBytesPerSec" : 0.5591699332171893
  },
  "Total" : {
    "transaction" : "Total",
    "sampleCount" : 976,
    "errorCount" : 12,
    "errorPct" : 1.2295082,
    "meanResTime" : 23905.59528688524,
    "medianResTime" : 2553.0,
    "minResTime" : 410.0,
    "maxResTime" : 144904.0,
    "pct1ResTime" : 87006.20000000003,
    "pct2ResTime" : 141060.25,
    "pct3ResTime" : 143935.0,
    "throughput" : 3.088949725444274,
    "receivedKBytesPerSec" : 11.351422922633837,
    "sentKBytesPerSec" : 4.508911439953793
  },
  "GetAllMachine" : {
    "transaction" : "GetAllMachine",
    "sampleCount" : 225,
    "errorCount" : 0,
    "errorPct" : 0.0,
    "meanResTime" : 2145.0355555555543,
    "medianResTime" : 875.0,
    "minResTime" : 547.0,
    "maxResTime" : 44898.0,
    "pct1ResTime" : 2425.8,
    "pct2ResTime" : 3908.6999999999985,
    "pct3ResTime" : 43211.12000000001,
    "throughput" : 1.5311955574912892,
    "receivedKBytesPerSec" : 6.549449747863132,
    "sentKBytesPerSec" : 2.036609716116344
  },
  "GetProductionPerDayContainerData" : {
    "transaction" : "GetProductionPerDayContainerData",
    "sampleCount" : 177,
    "errorCount" : 10,
    "errorPct" : 5.6497173,
    "meanResTime" : 30870.118644067792,
    "medianResTime" : 2830.0,
    "minResTime" : 441.0,
    "maxResTime" : 144904.0,
    "pct1ResTime" : 141403.0,
    "pct2ResTime" : 143566.8,
    "pct3ResTime" : 144443.02,
    "throughput" : 0.6192557036249199,
    "receivedKBytesPerSec" : 0.9731390458651562,
    "sentKBytesPerSec" : 0.9433973609910891
  },
  "GetMachineOverviewData" : {
    "transaction" : "GetMachineOverviewData",
    "sampleCount" : 148,
    "errorCount" : 0,
    "errorPct" : 0.0,
    "meanResTime" : 30407.54054054054,
    "medianResTime" : 5759.5,
    "minResTime" : 1000.0,
    "maxResTime" : 143545.0,
    "pct1ResTime" : 124307.79999999999,
    "pct2ResTime" : 140709.85,
    "pct3ResTime" : 143135.36,
    "throughput" : 0.5181601114744456,
    "receivedKBytesPerSec" : 0.24086348931819934,
    "sentKBytesPerSec" : 0.7276506252932157
  }
}