Label,# Samples,Average,Median,90% Line,95% Line,99% Line,Min,Max,Error %,Throughput,Received KB/sec,Std. Dev.
Get authorization code,1,5978,5978,5978,5978,5978,5978,5978,0.00%,.2,.4,0.00
Generate access token,1,861,861,861,861,861,861,861,0.00%,1.2,2.8,0.00
GetAllMachine,225,2145,875,2408,3824,42184,547,44898,0.00%,1.5,6.5,6210.16
GetProductionPerHourContainerData,225,37702,5575,135775,141058,142252,482,143040,0.89%,.8,7.3,47166.89
GetQuantityProducedContainerData,199,22085,2300,86709,141779,144283,410,144755,0.00%,.7,.6,43282.43
GetProductionPerDayContainerData,177,30870,2830,141135,142644,144284,441,144904,5.65%,.6,1.0,49398.85
GetMachineOverviewData,148,30407,5685,124149,140563,142709,1000,143545,0.00%,.5,.2,43959.21
TOTAL,976,23905,2549,86859,141051,143791,410,144904,1.23%,3.1,11.4,42533.57
