Label,# Samples,Average,Min,Max,90% Line,Std. Dev.,Error %,Throughput,Received KB/sec,Avg. Bytes
Get authorization code,1,5978,5978,5978,5978,0.00,0.00%,.2,0.42,2578.0
Generate access token,1,861,861,861,861,0.00,0.00%,1.2,2.77,2440.0
GetAllMachine,225,2145,547,44898,2408,6210.16,0.00%,1.5,6.55,4380.0
GetProductionPerHourContainerData,225,37702,482,143040,135775,47166.89,0.89%,.8,7.31,9546.0
GetQuantityProducedContainerData,199,22085,410,144755,86709,43282.43,0.00%,.7,0.61,900.0
GetProductionPerDayContainerData,177,30870,441,144904,141135,49398.85,5.65%,.6,0.97,1609.2
GetMachineOverviewData,148,30407,1000,143545,124149,43959.21,0.00%,.5,0.24,476.0
TOTAL,976,23905,410,144904,86859,42533.57,1.23%,3.1,11.35,3763.0
