{
  "GetProductionPerHourContainerData" : {
    "transaction" : "GetProductionPerHourContainerData",
    "sampleCount" : 3233,
    "errorCount" : 35,
    "errorPct" : 1.0825858,
    "meanResTime" : 15729.452830188715,
    "medianResTime" : 2148.0,
    "minResTime" : 266.0,
    "maxResTime" : 240152.0,
    "pct1ResTime" : 21662.999999999996,
    "pct2ResTime" : 126456.6999999999,
    "pct3ResTime" : 236046.45999999988,
    "throughput" : 2.082116404024609,
    "receivedKBytesPerSec" : 19.370787782676445,
    "sentKBytesPerSec" : 3.1821407932602668
  },
  "Get authorization code" : {
    "transaction" : "Get authorization code",
    "sampleCount" : 1,
    "errorCount" : 0,
    "errorPct" : 0.0,
    "meanResTime" : 5480.0,
    "medianResTime" : 5480.0,
    "minResTime" : 5480.0,
    "maxResTime" : 5480.0,
    "pct1ResTime" : 5480.0,
    "pct2ResTime" : 5480.0,
    "pct3ResTime" : 5480.0,
    "throughput" : 0.18248175182481752,
    "receivedKBytesPerSec" : 0.4594120666058394,
    "sentKBytesPerSec" : 0.0
  },
  "GetQuantityProducedContainerData" : {
    "transaction" : "GetQuantityProducedContainerData",
    "sampleCount" : 3028,
    "errorCount" : 4,
    "errorPct" : 0.1321004,
    "meanResTime" : 6701.136723910176,
    "medianResTime" : 1535.5,
    "minResTime" : 243.0,
    "maxResTime" : 240140.0,
    "pct1ResTime" : 3626.0,
    "pct2ResTime" : 17342.699999999964,
    "pct3ResTime" : 228282.1,
    "throughput" : 1.9514345428403683,
    "receivedKBytesPerSec" : 1.7131228797161009,
    "sentKBytesPerSec" : 2.9766999569498584
  },
  "Generate access token" : {
    "transaction" : "Generate access token",
    "sampleCount" : 1,
    "errorCount" : 0,
    "errorPct" : 0.0,
    "meanResTime" : 985.0,
    "medianResTime" : 985.0,
    "minResTime" : 985.0,
    "maxResTime" : 985.0,
    "pct1ResTime" : 985.0,
    "pct2ResTime" : 985.0,
    "pct3ResTime" : 985.0,
    "throughput" : 1.0152284263959392,
    "receivedKBytesPerSec" : 2.4190989847715736,
    "sentKBytesPerSec" : 0.48877696700507617
  },
  "Total" : {
    "transaction" : "Total",
    "sampleCount" : 15339,
    "errorCount" : 64,
    "errorPct" : 0.4172371,
    "meanResTime" : 7751.9216376556615,
    "medianResTime" : 1719.0,
    "minResTime" : 242.0,
    "maxResTime" : 240152.0,
    "pct1ResTime" : 5680.0,
    "pct2ResTime" : 21090.0,
    "pct3ResTime" : 224853.20000000007,
    "throughput" : 9.687883293185577,
    "receivedKBytesPerSec" : 33.325299702902385,
    "sentKBytesPerSec" : 14.157846400328298
  },
  "GetAllMachine" : {
    "transaction" : "GetAllMachine",
    "sampleCount" : 3246,
    "errorCount" : 0,
    "errorPct" : 0.0,
    "meanResTime" : 3423.913123844735,
    "medianResTime" : 913.5,
    "minResTime" : 540.0,
    "maxResTime" : 132398.0,
    "pct1ResTime" : 2320.000000000002,
    "pct2ResTime" : 5373.5999999999985,
    "pct3ResTime" : 86754.75999999978,
    "throughput" : 2.0887291633822485,
    "receivedKBytesPerSec" : 8.934212632435788,
    "sentKBytesPerSec" : 2.7781729692642796
  },
  "GetProductionPerDayContainerData" : {
    "transaction" : "GetProductionPerDayContainerData",
    "sampleCount" : 2950,
    "errorCount" : 18,
    "errorPct" : 0.6101695,
    "meanResTime" : 5731.169152542383,
    "medianResTime" : 1701.0,
    "minResTime" : 242.0,
    "maxResTime" : 240144.0,
    "pct1ResTime" : 3804.8,
    "pct2ResTime" : 5401.749999999997,
    "pct3ResTime" : 223470.08999999994,
    "throughput" : 1.901299973575153,
    "receivedKBytesPerSec" : 3.0955395432126815,
    "sentKBytesPerSec" : 2.8965116784933973
  },
  "GetMachineOverviewData" : {
    "transaction" : "GetMachineOverviewData",
    "sampleCount" : 2880,
    "errorCount" : 7,
    "errorPct" : 0.24305555,
    "meanResTime" : 6852.4052083333345,
    "medianResTime" : 3221.5,
    "minResTime" : 308.0,
    "maxResTime" : 240147.0,
    "pct1ResTime" : 8115.000000000003,
    "pct2ResTime" : 18401.19999999999,
    "pct3ResTime" : 79395.49,
    "throughput" : 1.8562525741002491,
    "receivedKBytesPerSec" : 0.861283771873004,
    "sentKBytesPerSec" : 2.6067296890196863
  }
}